,1,2,3,4,5,6,7,8,9,10,11,12,13,14,15,16,17,18,19,20,21,22,23,24,25,26,27,28,29,30,31,32,33,34,35,36,37,38,39,40,41,42,43,44,45,46,47,48,49,50,51,52,53,54,55,56,57,58,59,60,61,62,63,64,65,66,67,68,69,70,71,72,73,74,75,76,77,78,79,80,81,82,83,84,85,86,87,88,89,90,91,92,93,94,95,96,97,98,99,100,101,102,103,104,105,106,107,108,109,110,111,112,113,114,115,116,117,118,119

0.03,105,85,99,109,97,107,92,99,84,106,103,109,116,107,82,106,91,94,87,124,101,103,106,116,93,107,93,97,121,110,112,107,90,120,98,75,96,111,92,87,110,125,102,112,119,104,122,97,91,113,105,129,111,106,100,95,103,103,108,107,76,90,104,97,114,106,112,100,108,113,113,107,102,105,115,109,103,136,110,99,102,73,110,92,105,97,97,116,87,96,111,95,103,92,97,93,110,77,133,129,101,95,92,98,95,116,123,108,86,108,87,98,108,86,89,111,112,95,112

0.030961538,108,87,102,112,99,110,95,101,86,108,105,111,118,110,85,108,93,96,89,125,104,105,108,118,95,109,96,99,123,112,114,109,93,122,100,78,99,114,94,90,112,127,104,114,121,107,124,99,94,116,107,131,113,108,103,97,105,106,111,109,79,92,106,100,116,108,114,102,110,114,114,109,104,107,118,111,105,137,113,101,105,76,112,94,107,99,100,118,89,98,113,98,105,94,100,95,113,80,134,131,104,98,94,100,97,118,125,110,88,110,90,100,111,89,91,113,114,98,114

0.031923077,112,91,105,115,103,113,99,104,90,111,108,115,122,113,89,112,98,99,92,128,107,108,112,122,99,113,99,103,127,115,117,113,97,125,104,82,102,118,98,93,116,131,108,118,125,110,127,103,98,119,111,134,116,111,108,100,109,110,115,113,82,96,110,104,119,112,117,106,113,117,117,113,108,111,121,114,108,140,116,104,108,81,115,98,111,103,104,122,93,102,117,101,109,98,103,99,116,84,137,134,108,101,98,104,100,121,128,114,91,114,94,104,114,92,95,116,117,101,117

0.032884615,117,97,111,120,108,118,104,109,95,116,113,121,127,118,95,117,104,105,97,132,112,113,118,127,105,118,105,109,132,120,122,119,103,129,109,88,108,123,103,98,121,137,113,123,130,116,133,108,104,124,116,139,121,115,114,104,115,115,121,119,88,102,115,110,123,117,122,111,118,122,121,119,113,116,127,119,113,145,121,110,114,88,120,103,116,107,109,128,98,107,122,106,114,103,108,103,121,90,141,139,114,107,103,109,104,125,133,119,96,119,99,110,120,98,99,122,122,107,122

0.033846154,126,105,119,128,116,126,112,116,102,123,120,129,134,126,103,126,112,112,105,138,120,120,127,135,112,126,114,117,139,127,129,127,111,136,116,96,116,132,111,106,128,145,121,130,137,123,141,116,112,131,123,146,128,122,124,111,124,124,130,127,95,109,123,119,130,125,130,118,125,129,128,128,120,123,134,127,120,151,128,117,122,97,127,110,124,114,118,136,105,115,129,114,121,110,116,110,129,98,148,146,123,115,111,116,111,132,140,127,103,126,108,118,128,106,106,129,129,115,130

0.034807692,137,117,130,139,127,137,124,126,112,133,129,141,145,137,116,137,124,122,115,146,130,130,139,146,124,137,126,129,151,137,140,138,123,146,126,108,127,144,122,116,139,158,132,141,148,134,152,127,124,142,134,157,139,131,138,121,136,136,143,139,106,121,134,132,140,136,140,129,136,139,137,140,131,134,146,137,130,161,139,128,133,111,137,121,136,124,130,148,116,126,140,125,132,121,127,120,141,109,157,157,135,126,122,126,120,142,150,138,113,137,119,130,139,117,116,140,139,127,141

0.035769231,154,133,146,154,142,153,140,140,126,148,143,158,160,152,133,153,141,137,129,159,145,144,156,161,140,152,142,146,166,151,155,155,140,161,140,124,143,160,138,131,154,175,147,156,163,150,168,143,141,157,150,172,153,144,157,135,153,153,160,156,121,136,149,149,155,152,155,144,150,153,151,158,146,148,162,152,144,175,155,143,149,129,151,136,152,138,147,164,130,141,156,140,147,135,142,134,157,125,171,173,153,142,137,141,134,155,164,154,127,152,135,146,155,133,130,155,153,143,156

0.036730769,177,156,168,176,163,174,162,160,146,168,162,181,181,174,156,176,164,158,149,176,166,164,180,183,161,174,165,169,188,171,175,178,163,181,160,146,164,183,159,151,176,198,168,177,184,171,190,165,164,178,171,193,174,162,183,154,176,176,184,179,142,158,171,173,174,173,176,165,170,173,170,181,167,169,184,172,163,195,176,164,170,154,171,156,175,157,171,187,151,162,177,161,167,156,163,154,178,147,190,194,176,165,159,161,153,175,184,175,146,172,157,169,177,154,149,176,173,165,177

0.037692308,207,186,198,204,192,203,191,186,173,195,188,212,210,202,187,206,195,185,175,201,194,190,212,212,190,203,195,200,217,197,203,208,193,208,187,176,193,213,187,178,204,230,196,205,212,200,220,194,194,206,200,221,201,187,217,180,207,207,217,210,170,186,199,205,201,203,204,193,198,199,195,213,196,197,214,200,190,222,204,193,200,187,198,184,205,183,202,218,178,190,205,189,195,183,192,180,208,177,216,224,208,194,188,189,178,201,212,204,172,200,187,199,207,183,175,205,200,194,205

0.038653846,248,225,237,242,229,241,230,221,208,231,223,252,247,240,228,245,236,222,210,233,231,225,253,251,229,241,235,240,255,233,240,248,233,244,223,214,232,253,224,214,242,271,233,243,250,238,259,233,234,243,238,258,238,221,262,214,247,247,259,250,207,224,237,247,237,241,240,230,234,235,229,254,233,233,253,236,225,257,242,230,238,230,234,221,245,217,243,259,214,227,243,227,232,219,229,215,247,216,250,262,249,233,226,225,212,236,248,243,207,237,226,240,246,221,210,242,236,233,243

0.039615385,299,275,287,291,278,290,280,267,254,278,268,304,296,289,280,296,288,269,256,275,278,271,307,300,278,290,286,292,305,278,288,299,284,290,269,265,281,305,273,260,290,324,281,291,298,287,310,283,286,292,287,306,286,264,319,259,300,300,313,302,254,273,287,301,284,291,288,279,281,281,274,307,282,281,304,284,271,304,291,279,287,285,280,268,296,262,296,311,261,275,292,275,280,266,278,260,297,266,295,312,302,284,275,272,256,281,295,292,252,285,276,291,297,270,255,291,283,283,292

0.040576923,365,339,350,353,340,352,343,325,312,337,325,369,358,351,345,360,353,329,314,328,338,330,374,363,341,353,350,356,368,337,349,364,349,350,327,328,344,369,334,319,352,391,342,353,360,349,373,345,351,353,349,367,346,320,390,316,365,365,380,367,314,335,349,368,343,354,349,340,340,339,331,374,343,341,368,344,329,363,352,340,350,354,339,328,361,320,362,377,320,336,353,336,340,325,339,318,360,329,352,375,369,347,337,331,313,339,354,355,309,346,340,356,360,331,312,352,341,346,353

0.041538462,445,418,428,430,416,429,420,397,384,411,396,449,434,427,426,439,434,404,386,396,413,402,457,440,417,429,429,436,445,409,424,444,428,423,400,405,421,448,409,392,428,472,417,428,436,426,452,423,430,428,426,443,421,389,476,387,445,445,463,447,389,410,425,450,416,431,424,415,414,412,401,455,419,415,447,418,401,436,428,416,427,437,413,402,441,391,442,458,394,411,429,411,415,399,415,390,438,407,423,452,450,425,413,405,383,410,428,432,380,420,418,435,439,407,384,428,415,424,429

0.0425,541,512,522,523,507,522,512,484,472,500,482,544,526,520,522,534,530,494,473,478,503,490,555,534,510,522,524,531,539,497,515,539,523,512,487,498,514,543,500,480,520,570,507,520,528,    ,546,516,526,519,518,533,511,473,579,474,541,541,562,544,479,502,517,548,505,524,514,506,504,500,487,553,511,505,541,508,488,525,520,508,519,537,502,492,537,477,539,555,483,502,521,502,505,489,506,477,532,500,510,546,548,520,506,494,468,498,518,525,466,511,512,531,533,499,471,519,503,517,520

0.043461538,653,623,633,632,615,631,621,588,576,605,584,656,634,629,634,646,643,600,576,576,609,594,671,644,619,631,635,643,649,601,622,651,635,617,591,608,624,655,608,585,629,683,614,627,637,        super().__init__(),656,626,638,626,626,641,618,574,699,577,654,654,677,656,585,609,626,662,611,634,621,613,609,604,589,668,620,611,652,614,592,630,628,616,628,654,607,598,649,580,652,669,589,609,629,609,612,594,614,580,643,611,612,655,662,631,615,599,570,601,624,635,569,617,623,643,644,607,574,627,608,626,628

0.044423077,782,750,759,757,740,756,746,708,696,727,703,784,759,754,762,774,772,723,695,690,731,714,803,771,744,756,762,770,775,721,745,780,763,739,711,734,750,782,732,705,753,813,736,751,762,        self.initUI(),782,752,765,750,751,764,742,692,835,697,782,782,807,785,708,732,752,793,733,759,745,737,731,724,708,798,744,733,779,736,712,751,752,740,753,786,729,721,777,699,781,799,710,732,753,732,735,716,738,700,769,737,731,781,792,758,740,720,689,722,747,761,688,740,749,772,771,731,694,751,729,752,752

0.045384615,925,892,901,897,879,896,884,843,831,863,836,926,898,894,905,916,916,862,830,819,867,850,949,912,885,896,903,911,917,857,883,922,905,876,847,874,890,923,870,841,893,957,873,890,903,    def initUI(self):,923,892,907,888,890,901,881,825,985,832,924,925,952,929,846,870,892,937,871,900,883,875,868,860,842,942,885,870,921,874,847,887,891,879,893,932,866,858,920,833,924,944,847,870,892,870,873,853,876,835,911,879,864,922,937,901,881,857,823,857,884,902,823,878,891,915,913,869,830,890,865,892,891

0.046346154,1080,1047,1055,1050,1031,1048,1035,991,979,1013,983,1079,1051,1047,1059,1071,1071,1013,977,962,1017,999,1108,1066,1037,1048,1056,1065,1070,1006,1034,1077,1059,1026,995,1027,1044,1076,1022,989,1045,1112,1023,1042,1057,        self.setCentralWidget(self.textEdit),1075,1045,1061,1038,1042,1051,1032,972,1145,982,1077,1079,1108,1084,996,1019,1044,1093,1023,1052,1034,1026,1018,1009,989,1099,1038,1020,1075,1024,995,1037,1043,1031,1044,1089,1016,1008,1076,980,1078,1100,996,1021,1043,1020,1024,1004,1027,984,1064,1033,1010,1076,1093,1055,1035,1006,971,1007,1035,1056,971,1028,1045,1070,1068,1021,980,1041,1014,1044,1042

0.047307692,1243,1209,1218,1212,1192,1209,1194,1149,1137,1172,1140,1239,1212,1210,1220,1234,1234,1174,1134,1115,1175,1158,1274,1229,1198,1208,1217,1225,1232,1165,1195,1240,1221,1186,1152,1187,1206,1237,1182,1147,1206,1274,1181,1202,1220,,1235,1207,1222,1198,1202,1210,1193,1130,1312,1142,1238,1241,1270,1247,1157,1177,1206,1256,1184,1213,1195,1185,1178,1167,1146,1262,1200,1178,1238,1184,1153,1196,1203,1191,1204,1253,1176,1167,1239,1138,1239,1265,1155,1181,1203,1180,1185,1164,1186,1142,1226,1196,1166,1237,1257,1219,1198,1164,1129,1166,1194,1218,1130,1187,1208,1233,1230,1180,1140,1201,1172,1204,1202

0.048269231,1408,1375,1384,1378,1356,1373,1355,1312,1300,1336,1303,1402,1377,1376,1383,1400,1399,1339,1297,1275,1337,1322,1442,1396,1363,1373,1381,1388,1398,1329,1359,1405,1386,1350,1315,1351,1372,1400,1347,1310,1371,1438,1343,1366,1387,        openFile.setShortcut('Ctrl+O'),1398,1372,1387,1361,1366,1372,1359,1294,1479,1308,1401,1405,1434,1413,1321,1339,1371,1420,1350,1378,1360,1349,1342,1330,1310,1428,1367,1341,1403,1348,1316,1359,1367,1356,1368,1418,1341,1331,1405,1301,1402,1433,1319,1344,1367,1343,1350,1328,1349,1306,1391,1363,1327,1402,1422,1386,1365,1326,1294,1331,1359,1384,1294,1350,1374,1399,1396,1344,1306,1365,1335,1368,1366

0.049230769,1570,1539,1547,1542,1519,1535,1514,1475,1463,1499,1465,1561,1541,1540,1543,1564,1562,1504,1458,1436,1498,1485,1606,1561,1525,1534,1541,1547,1562,1492,1522,1567,1547,1513,1477,1513,1536,1560,1510,1472,1535,1597,1503,1528,1553,        openFile.triggered.connect(self.showDialog),1558,1535,1547,1523,1527,1533,1524,1459,1641,1474,1559,1565,1593,1576,1485,1498,1534,1580,1516,1540,1523,1511,1505,1493,1473,1589,1533,1503,1565,1511,1479,1522,1529,1519,1528,1578,1505,1493,1568,1464,1562,1597,1482,1506,1528,1505,1513,1492,1510,1470,1554,1528,1488,1565,1584,1550,1530,1488,1460,1496,1522,1548,1458,1511,1537,1561,1560,1505,1473,1527,1497,1528,1528

0.050192308,1722,1693,1702,1697,1674,1689,1663,1631,1619,1655,1621,1709,1696,1696,1692,1717,1714,1661,1613,1591,1650,1641,1760,1716,1678,1687,1691,1696,1716,1649,1676,1719,1699,1669,1632,1665,1691,1709,1665,1627,1689,1746,1654,1682,1710,        menubar = self.menuBar(),1708,1689,1697,1676,1680,1684,1680,1619,1790,1635,1707,1714,1741,1728,1641,1648,1689,1729,1675,1692,1678,1665,1661,1648,1630,1740,1690,1656,1718,1666,1635,1677,1683,1673,1680,1726,1662,1647,1722,1621,1710,1750,1637,1660,1681,1658,1669,1649,1663,1628,1707,1684,1641,1718,1735,1706,1687,1642,1620,1654,1678,1704,1617,1665,1691,1714,1713,1658,1634,1681,1652,1679,1681

0.051153846,1856,1831,1840,1837,1813,1826,1796,1773,1761,1796,1763,1839,1835,1836,1824,1854,1848,1803,1754,1735,1788,1784,1896,1856,1816,1824,1825,1828,1855,1792,1816,1854,1834,1811,1772,1801,1831,1842,1804,1768,1828,1876,1791,1821,1852,        fileMenu.addAction(openFile),1841,1827,1831,1814,1817,1820,1822,1766,1919,1782,1838,1846,1870,1863,1783,1783,1828,1860,1820,1829,1819,1803,1801,1789,1774,1872,1832,1795,1854,1806,1777,1818,1821,1813,1816,1856,1805,1787,1858,1764,1840,1887,1778,1799,1818,1796,1810,1791,1800,1772,1844,1824,1781,1855,1868,1845,1828,1781,1767,1799,1819,1843,1762,1803,1829,1850,1851,1795,1782,1818,1793,1815,1819

0.052115385,1967,1946,1955,1955,1930,1941,1907,1895,1883,1916,1886,1946,1953,1954,1933,1968,1959,1924,1875,1860,1904,1906,2007,1973,1931,1938,1935,1936,1970,1915,1934,1965,1945,1931,1893,1915,1948,1951,1922,1888,1945,1982,1905,1937,1973,"        self.setGeometry(300, 300, 550, 450)",1951,1942,1941,1930,1931,1934,1943,1895,2023,1910,1944,1954,1975,1975,1903,1896,1945,1966,1944,1943,1938,1920,1921,1910,1898,1981,1953,1912,1967,1925,1898,1938,1937,1930,1929,1961,1927,1906,1971,1888,1947,1999,1898,1916,1933,1912,1930,1912,1915,1896,1958,1942,1901,1970,1977,1961,1948,1899,1895,1923,1939,1960,1887,1919,1945,1962,1965,1910,1910,1934,1912,1927,1935

0.053076923,2049,2032,2042,2044,2019,2028,1989,1990,1978,2009,1982,2024,2042,2044,2011,2053,2041,2018,1970,1960,1993,2002,2087,2062,2019,2024,2017,2016,2057,2011,2024,2048,2028,2025,1986,2000,2036,2030,2013,1981,2034,2058,1992,2026,2065,        self.show(),2032,2029,2021,2018,2017,2021,2036,1998,2094,2012,2022,2033,2049,2057,1996,1980,2033,2042,2041,2029,2029,2009,2014,2004,1996,2060,2045,2002,2051,2017,1994,2030,2025,2019,2014,2035,2022,1997,2055,1985,2024,2082,1991,2005,2020,2001,2022,2007,2002,1994,2044,2031,1995,2056,2056,2049,2039,1991,1997,2021,2032,2048,1987,2008,2031,2045,2051,1997,2012,2022,2005,2011,2023

0.054038462,2097,2085,2095,2100,2075,2082,2038,2054,2042,2070,2048,2068,2099,2101,2057,2104,2089,2080,2033,2031,2049,2065,2134,2118,2073,2078,2065,2062,2111,2075,2082,2096,2077,2086,2048,2052,2092,2077,2070,2042,2091,2100,2047,2082,2124,    def showDialog(self):,2080,2083,2069,2074,2071,2075,2096,2070,2131,2082,2066,2078,2089,2105,2057,2033,2089,2084,2106,2081,2088,2065,2075,2066,2063,2104,2105,2060,2101,2077,2057,2091,2080,2076,2066,2075,2085,2056,2104,2051,2067,2130,2052,2062,2075,2057,2081,2069,2056,2060,2096,2087,2057,2109,2101,2103,2097,2050,2068,2088,2092,2104,2055,2065,2085,2095,2103,2052,2082,2077,2066,2062,2079

0.055,2108,2102,2113,2121,2096,2100,2052,2083,2070,2096,2078,2076,2120,2122,2066,2119,2100,2106,2061,2067,2071,2094,2143,2137,2091,2095,2077,2072,2129,2105,2104,2109,2090,2112,2075,2068,2111,2088,2092,2069,2111,2106,2066,2102,2147,        home_dir = str(Path.home()),2093,2101,2080,2094,2089,2093,2121,2107,2131,2117,2074,2087,2093,2117,2083,2050,2109,2090,2135,2098,2111,2086,2100,2093,2095,2112,2128,2082,2116,2101,2086,2117,2099,2097,2082,2079,2113,2079,2118,2083,2075,2142,2078,2084,2094,2078,2106,2095,2076,2092,2112,2106,2084,2125,2110,2121,2119,2074,2104,2119,2117,2123,2088,2086,2102,2108,2119,2071,2117,2097,2092,2077,2099

0.055961538,2083,2081,2093,2104,2080,2081,2030,2075,2063,2086,2073,2048,2103,2106,2039,2097,2075,2095,2054,2068,2056,2086,2115,2119,2073,2076,2053,2046,2109,2097,2090,2084,2066,2102,2066,2048,2094,2062,2078,2060,2095,2076,2050,2086,2132,,2069,2082,2055,2078,2071,2076,2108,2108,2093,2115,2045,2060,2060,2092,2071,2032,2092,2059,2127,2078,2097,2071,2088,2083,2090,2083,2114,2069,2093,2088,2078,2105,2082,2081,2062,2045,2103,2066,2094,2078,2046,2117,2067,2069,2076,2062,2093,2085,2058,2086,2091,2088,2076,2105,2081,2101,2104,2062,2103,2113,2105,2105,2084,2071,2082,2084,2098,2054,2115,2080,2081,2056,2082

0.056923077,2022,2025,2037,2051,2028,2027,1974,2031,2019,2039,2031,1985,2051,2054,1977,2039,2014,2048,2010,2034,2006,2042,2051,2064,2019,2021,1994,1984,2054,2053,2039,2024,2006,2055,2021,1992,2040,2001,2027,2014,2042,2010,1998,2034,2081,"            f = open(fname[0], 'r')",2009,2027,1995,2026,2016,2023,2059,2072,2020,2076,1982,1997,1993,2031,2023,1978,2039,1994,2082,2023,2048,2019,2041,2038,2050,2019,2064,2019,2035,2039,2034,2058,2029,2030,2007,1977,2057,2017,2035,2036,1982,2055,2020,2018,2023,2011,2044,2039,2005,2044,2034,2034,2032,2049,2018,2046,2053,2015,2066,2071,2057,2051,2044,2021,2026,2025,2041,2001,2076,2027,2034,2000,2029

0.057884615,1928,1935,1948,1965,1943,1940,1885,1954,1941,1958,1956,1891,1965,1968,1884,1948,1921,1966,1933,1965,1923,1964,1954,1976,1932,1934,1902,1892,1965,1976,1956,1931,1915,1974,1942,1904,1953,1909,1943,1935,1956,1913,1914,1948,1996,            with f:,1918,1939,1902,1941,1929,1937,1977,2002,1916,2002,1888,1903,1895,1938,1942,1892,1952,1897,2003,1934,1964,1935,1960,1959,1975,1923,1980,1937,1944,1957,1956,1978,1943,1945,1919,1878,1978,1935,1943,1961,1887,1961,1940,1935,1937,1927,1961,1959,1920,1968,1945,1947,1955,1960,1922,1957,1967,1934,1994,1994,1975,1964,1970,1937,1938,1933,1952,1915,2002,1942,1954,1911,1944

0.058846154,1808,1818,1831,1850,1829,1824,1769,1847,1834,1848,1851,1771,1851,1853,1763,1829,1800,1856,1826,1866,1812,1857,1829,1860,1817,1819,1784,1772,1848,1868,1843,1811,1796,1864,1835,1788,1838,1789,1831,1827,1842,1790,1801,1835,1882,                self.textEdit.setText(data),1800,1823,1783,1828,1815,1823,1865,1900,1786,1897,1767,1782,1770,1817,1832,1778,1838,1773,1893,1818,1852,1822,1849,1850,1870,1800,1866,1825,1826,1846,1849,1868,1829,1831,1804,1753,1868,1824,1823,1856,1765,1839,1830,1822,1823,1815,1850,1849,1806,1862,1828,1831,1848,1843,1799,1839,1853,1824,1891,1888,1864,1848,1865,1825,1821,1813,1834,1802,1897,1828,1845,1794,1830

0.059807692,1666,1678,1692,1712,1692,1686,1632,1716,1703,1715,1721,1630,1714,1716,1622,1688,1658,1721,1696,1742,1678,1725,1684,1721,1679,1681,1644,1632,1709,1736,1708,1670,1655,1731,1703,1650,1699,1649,1695,1695,1704,1647,1667,1698,1744,1710,1661,1685,1643,1692,1677,1688,1729,1772,1636,1766,1626,1641,1626,1675,1698,1643,1700,1629,1759,1680,1716,1687,1715,1718,1741,1656,1729,1691,1685,1712,1718,1734,1692,1695,1666,1607,1735,1690,1681,1726,1623,1695,1697,1687,1686,1680,1715,1716,1671,1732,1688,1692,1718,1704,1655,1699,1715,1691,1762,1756,1729,1709,1736,1690,1681,1671,1694,1666,1766,1691,1712,1656,1693

0.060769231,1510,1523,1536,1558,1539,1533,1481,1567,1555,1565,1574,1475,1560,1562,1467,1532,1502,1569,1548,1599,1528,1576,1524,1565,1526,1528,1490,1478,1554,1587,1555,1514,1500,1580,1555,1497,1545,1495,1543,1547,1551,1490,1516,1546,1589,1556,1507,1531,1488,1540,1525,1536,1577,1626,1475,1617,1471,1485,1468,1518,1546,1492,1546,1472,1607,1526,1564,1535,1565,1569,1593,1499,1575,1541,1530,1561,1569,1583,1540,1542,1513,1449,1583,1540,1525,1578,1468,1537,1547,1536,1534,1528,1563,1565,1519,1583,1533,1537,1571,1549,1498,1543,1561,1541,1614,1607,1577,1555,1587,1539,1527,1515,1538,1514,1617,1539,1562,1503,1541

0.061730769,1345,1359,1373,1394,1377,1371,1321,1408,1396,1404,1415,1313,1397,1398,1305,1368,1338,1407,1390,1444,1369,1415,1357,1401,1364,1366,1328,1316,1390,1426,1394,1350,1337,1419,1396,1335,1381,1333,1381,1388,1388,1326,1357,1384,1425,1392,1345,1368,1325,1379,1363,1376,1414,1466,1307,1455,1310,1323,1305,1354,1385,1333,1383,1309,1444,1364,1402,1374,1404,1409,1434,1334,1411,1381,1366,1400,1409,1423,1378,1380,1352,1285,1422,1379,1360,1419,1305,1370,1387,1375,1373,1368,1401,1404,1358,1423,1370,1373,1413,1385,1333,1379,1397,1382,1454,1445,1416,1391,1428,1378,1363,1351,1374,1353,1455,1377,1402,1342,1379

0.062692308,1180,1193,1207,1228,1212,1206,1160,1244,1232,1240,1253,1151,1231,1232,1142,1202,1172,1242,1228,1283,1206,1251,1189,1234,1200,1201,1165,1154,1223,1262,1229,1185,1173,1254,1233,1172,1215,1170,1217,1225,1223,1163,1195,1220,1257,1226,1182,1203,1162,1215,1199,1213,1248,1301,1141,1289,1148,1159,1142,1188,1220,1172,1218,1145,1277,1199,1237,1210,1239,1245,1270,1169,1244,1218,1201,1235,1246,1258,1214,1215,1189,1121,1256,1215,1194,1256,1142,1203,1223,1211,1209,1205,1236,1239,1195,1258,1204,1206,1251,1220,1168,1212,1230,1219,1288,1280,1250,1225,1263,1215,1197,1185,1208,1190,1289,1213,1239,1179,1215

0.063653846,1020,1031,1045,1066,1051,1045,1003,1083,1071,1078,1091,994,1069,1069,985,1040,1012,1078,1067,1123,1047,1089,1026,1070,1039,1041,1006,996,1061,1099,1067,1024,1013,1092,1072,1012,1053,1012,1055,1064,1061,1004,1037,1059,1092,1063,1024,1041,1003,1055,1039,1054,1084,1137,981,1123,991,1001,984,1027,1058,1014,1056,987,1112,1039,1075,1049,1077,1084,1108,1009,1079,1057,1040,1074,1084,1096,1053,1054,1030,963,1093,1054,1032,1093,985,1041,1062,1050,1049,1045,1073,1076,1036,1095,1043,1043,1092,1058,1008,1049,1066,1059,1124,1116,1088,1062,1100,1055,1036,1024,1046,1030,1123,1052,1078,1020,1055

0.064615385,869,878,891,911,898,893,854,929,917,924,937,846,915,915,836,887,861,923,914,969,896,934,873,915,887,889,857,848,908,944,914,873,862,937,919,861,899,863,902,911,907,856,886,906,936,909,875,889,854,903,887,904,929,979,832,964,843,852,836,876,904,865,902,838,954,887,920,897,923,930,952,859,924,905,888,920,929,942,900,901,879,815,937,901,880,938,837,887,908,898,897,893,919,921,884,939,891,889,939,906,858,895,911,906,966,959,933,908,943,903,883,872,894,879,964,900,924,870,902

0.065576923,731,738,751,769,757,753,719,786,774,781,794,712,774,772,701,748,723,779,772,826,757,790,733,773,747,750,720,713,767,800,772,735,724,794,777,723,758,727,761,770,766,721,748,765,792,767,738,749,717,763,748,765,785,831,697,817,709,716,702,737,761,728,761,703,808,748,778,757,781,787,808,723,780,765,749,778,786,800,760,760,741,681,793,760,740,794,703,748,766,758,757,753,776,778,745,795,751,747,798,766,721,753,768,765,818,813,791,766,798,763,742,733,753,740,816,760,782,732,762

0.066538462,608,613,625,642,631,628,598,657,645,653,664,592,647,645,580,623,600,650,645,695,632,661,609,646,622,626,598,592,641,670,645,611,602,666,650,599,631,607,634,642,639,601,624,639,662,640,617,623,596,638,624,641,657,698,578,683,590,596,584,614,633,606,635,584,677,624,650,631,653,659,677,601,651,639,625,651,658,672,635,633,618,563,663,633,616,664,583,623,638,632,633,628,648,649,621,664,626,620,671,641,599,627,639,639,685,682,662,639,666,637,617,609,628,615,682,635,655,609,637

0.0675,501,504,516,532,521,519,493,544,532,541,551,489,536,534,476,514,494,537,532,580,523,547,502,535,513,517,493,488,531,556,534,505,495,553,538,492,521,502,523,531,529,498,517,530,549,529,511,514,490,528,515,533,544,580,476,565,487,491,482,507,521,500,525,481,561,516,539,521,541,547,562,496,538,529,517,539,544,560,526,523,511,460,549,522,508,550,480,515,527,522,524,519,537,536,513,549,518,509,559,532,494,517,527,528,567,567,550,529,551,528,508,502,520,507,564,526,543,502,527

0.068461538,411,412,423,438,427,427,403,447,436,445,453,402,442,439,389,423,404,441,437,481,430,450,411,441,421,425,403,400,438,459,440,414,405,457,443,401,427,414,429,436,435,411,425,436,453,435,422,422,401,435,423,441,448,478,390,464,400,403,396,417,425,409,431,394,462,424,444,428,445,451,464,408,442,435,426,445,448,464,433,429,420,374,452,428,417,452,393,424,431,428,432,426,441,440,421,451,426,415,464,439,405,423,432,434,466,468,454,435,452,434,415,411,427,414,463,433,448,412,435

0.069423077,337,335,346,359,349,350,330,366,355,365,372,330,364,361,316,347,330,360,357,398,353,369,337,363,344,349,330,328,361,377,362,340,331,377,363,325,349,341,351,356,357,339,349,359,373,357,348,345,328,358,347,365,368,393,320,379,328,331,325,343,345,334,354,322,380,348,365,351,366,370,381,335,362,357,351,366,367,384,356,351,344,304,371,349,341,370,321,348,352,351,355,348,362,359,344,369,350,337,384,363,332,346,353,356,381,385,374,357,368,357,339,335,351,338,378,355,369,337,357

0.070384615,277,273,284,296,286,288,270,300,289,300,306,272,300,297,258,285,270,295,291,329,291,303,277,299,282,287,270,269,298,311,298,279,271,311,298,264,286,282,288,291,294,282,287,296,308,293,289,283,269,295,285,304,302,323,263,310,270,272,268,282,281,274,291,264,313,286,301,288,301,305,314,276,297,294,290,301,301,319,293,288,283,247,305,285,280,303,264,288,287,288,293,286,297,294,282,301,288,274,319,301,273,283,288,292,311,317,310,294,300,294,277,275,289,276,309,293,304,276,295

0.071346154,230,224,234,245,236,239,223,248,237,249,253,226,250,246,212,237,223,243,239,275,241,250,229,249,233,238,223,223,248,258,247,232,223,259,246,216,236,235,237,240,244,236,238,246,256,243,242,234,222,246,236,255,251,266,219,254,225,226,224,235,229,226,241,219,259,238,250,238,249,253,260,230,245,243,241,250,249,267,243,238,235,202,252,234,232,250,218,239,236,238,244,236,246,242,233,248,239,224,267,251,227,233,237,241,255,263,258,244,246,244,227,227,240,227,253,243,252,229,245

0.072307692,193,186,196,206,197,201,187,207,196,209,211,191,211,207,176,199,186,202,199,232,202,209,193,210,195,201,187,188,210,217,208,195,187,219,206,178,198,199,198,200,205,202,200,207,216,204,205,195,186,207,198,217,210,222,185,211,190,190,189,198,189,188,202,184,217,200,210,199,209,213,218,194,205,204,204,210,208,227,205,199,198,168,211,195,195,208,183,202,195,199,205,197,206,201,195,206,202,185,227,213,191,195,197,201,212,221,218,205,204,205,189,190,202,189,210,205,212,192,206

0.073269231,166,158,167,177,168,172,159,176,165,178,179,165,181,177,150,171,159,171,168,199,173,178,165,180,166,172,160,161,181,185,178,167,159,188,175,150,168,172,168,169,175,175,171,178,185,174,178,166,159,178,170,188,180,189,160,177,163,164,164,170,158,160,172,158,185,172,180,170,179,182,186,167,175,175,176,180,176,196,176,169,169,143,180,165,167,176,157,174,165,169,176,168,175,170,166,174,173,155,196,185,164,166,167,171,178,189,187,176,171,176,161,162,174,160,177,176,182,163,177

0.074230769,145,136,146,155,146,150,139,152,142,155,156,145,159,155,130,150,138,148,145,174,151,154,145,158,144,151,139,141,159,161,156,147,138,165,152,129,146,152,146,146,153,156,150,156,163,152,158,145,138,156,148,166,157,163,141,152,144,144,145,150,136,139,151,139,161,150,157,148,156,159,162,148,152,152,155,158,153,174,154,147,148,124,156,143,146,152,137,154,142,147,155,146,153,147,145,150,152,133,173,163,144,144,145,149,153,165,164,154,147,154,139,141,153,138,152,154,159,143,155

0.075192308,130,121,130,139,130,135,124,135,125,138,138,131,143,139,116,134,124,131,128,156,135,137,130,142,129,135,125,127,144,144,140,132,124,148,136,114,130,138,130,130,137,142,134,140,146,136,143,129,124,140,133,151,140,145,128,134,130,130,131,135,119,124,135,125,144,135,141,132,140,142,144,133,136,136,140,141,136,157,138,131,133,110,139,126,131,135,123,139,126,131,139,130,136,130,129,132,136,117,156,148,130,128,129,133,135,147,148,138,129,138,124,126,137,123,133,138,142,128,140

0.076153846,120,110,119,127,118,124,114,123,112,127,126,121,132,127,105,123,113,119,116,143,124,125,120,131,118,124,114,116,133,132,128,121,113,136,124,103,119,128,119,118,126,132,123,128,134,125,133,118,114,129,122,140,128,131,119,121,120,119,121,125,107,113,123,115,131,124,129,120,128,130,131,123,124,125,129,129,124,145,127,120,122,101,127,115,120,122,113,128,114,120,128,119,125,118,118,120,126,106,144,136,120,117,117,121,122,135,136,127,116,126,113,115,126,112,120,127,131,117,128

0.077115385,113,102,112,119,110,116,106,115,104,118,117,114,124,119,98,116,106,111,107,134,116,116,112,123,110,116,107,109,125,123,120,114,106,128,115,95,111,121,111,109,118,125,115,120,126,117,125,111,106,121,114,132,120,122,112,112,113,112,115,117,99,106,115,108,123,116,121,112,119,121,123,116,116,117,122,121,115,137,119,112,115,94,119,106,113,114,106,121,105,112,120,111,116,110,110,111,118,98,136,129,113,109,109,113,112,126,127,119,108,119,105,108,119,104,111,119,122,109,121

0.078076923,108,97,106,114,105,111,101,109,98,112,111,109,118,114,94,111,101,105,101,127,111,110,107,118,105,111,102,105,119,117,114,109,101,122,109,90,106,116,105,104,113,120,110,115,120,111,121,105,102,116,109,127,114,115,108,105,108,108,110,112,93,101,110,104,117,111,116,107,114,115,116,111,110,111,116,116,109,131,114,106,109,90,113,101,107,107,102,116,100,106,115,106,111,104,105,105,113,93,130,123,108,104,103,107,106,120,122,113,101,113,100,103,113,98,105,114,116,104,115

0.079038462,104,94,103,110,101,107,98,105,94,109,107,106,114,110,91,107,98,101,97,123,107,106,104,114,101,108,99,101,116,113,111,106,97,118,106,87,102,112,101,100,109,117,106,111,116,107,117,102,98,112,105,123,110,111,105,101,105,104,107,109,89,97,106,101,113,108,112,103,110,112,112,108,106,108,113,112,105,127,110,103,106,87,109,97,104,103,99,112,96,103,111,102,107,100,101,101,109,89,126,120,105,101,100,104,101,116,118,110,97,109,96,99,110,95,101,110,113,101,112

0.08,102,91,100,108,99,105,96,102,92,106,104,104,112,108,89,105,96,99,95,120,105,104,102,112,99,105,97,99,114,111,108,103,95,116,103,85,100,110,99,97,107,115,104,109,114,105,115,100,96,110,103,121,108,108,103,98,103,102,105,107,87,95,104,99,110,105,109,101,107,109,110,106,104,105,111,109,103,124,108,100,104,85,106,95,102,101,97,110,93,100,109,100,104,98,99,98,107,87,123,118,102,98,97,101,99,113,115,107,94,107,94,97,108,93,98,108,110,99,109
